company_name,contact_person,email,industry,status,phone_num,website,contact_person
Acme Corp,John,john@acme.com,Technology,New,,,John
,Jane,jane@test.com,Finance,New,,,Jane
Beta Inc,Bob,not-an-email,Healthcare,New,,,Bob
Gamma LLC,Alice,alice@gamma.com,InvalidIndustry,New,,,Alice
Delta Co,Charlie,charlie@delta.com,Manufacturing,Qualified,,,Charlie
AMC,Charlie,charlie@amc.com,,,(240)4808282,https://google.com,Charlie
Apple,Steve,steve@apple.com,,,(240)34808282,https://apple.com,Steve
Meta,Mark,mark@meta.com,,,(240)4808282,google.com,Mark
Netflix,,info@netflix.com,,Converted,(240)4808282,https://netflix.com,
